USE csit314;

-- USER PROFILES
INSERT INTO user_profiles (profile_name, description) VALUES
('Platform Manager', 'Manages the platform and oversees system operations.'),
('User Admin', 'Creates and manages user accounts and user profiles.'),
('Fundraiser', 'Creates and manages fundraising activities.'),
('Donee', 'Receives funds and searches for fundraising activities.');

-- USER ACCOUNTS
INSERT INTO user_accounts
(name, username, email, phone_number, password, profile, status)
VALUES
('Platform Manager', 'manager', 'manager@example.com', '91234567', 'manager123', 'Platform Manager', 'Active'),
('Fund Raiser', 'fundraiser', 'fundraiser@example.com', '92345678', 'fundraiser123', 'Fundraiser', 'Active'),
('Donee', 'donee', 'donee@example.com', '93456789', 'donee123', 'Donee', 'Active'),
('User Admin', 'useradmin', 'useradmin@example.com', '94567890', 'useradmin123', 'User Admin', 'Active');
('Donee 1', 'donee1', 'donee1@gmail.com', '90000001', '1234', 'Donee', 'Active'),
('Donee 2', 'donee2', 'donee2@gmail.com', '90000002', '1234', 'Donee', 'Active'),
('Donee 3', 'donee3', 'donee3@gmail.com', '90000003', '1234', 'Donee', 'Active'),
('Donee 4', 'donee4', 'donee4@gmail.com', '90000004', '1234', 'Donee', 'Active'),
('Donee 5', 'donee5', 'donee5@gmail.com', '90000005', '1234', 'Donee', 'Active'),
('Donee 6', 'donee6', 'donee6@gmail.com', '90000006', '1234', 'Donee', 'Active'),
('Donee 7', 'donee7', 'donee7@gmail.com', '90000007', '1234', 'Donee', 'Active'),
('Donee 8', 'donee8', 'donee8@gmail.com', '90000008', '1234', 'Donee', 'Active'),
('Donee 9', 'donee9', 'donee9@gmail.com', '90000009', '1234', 'Donee', 'Active'),
('Donee 10', 'donee10', 'donee10@gmail.com', '90000010', '1234', 'Donee', 'Active'),
('Donee 11', 'donee11', 'donee11@gmail.com', '90000011', '1234', 'Donee', 'Active'),
('Donee 12', 'donee12', 'donee12@gmail.com', '90000012', '1234', 'Donee', 'Active'),
('Donee 13', 'donee13', 'donee13@gmail.com', '90000013', '1234', 'Donee', 'Active'),
('Donee 14', 'donee14', 'donee14@gmail.com', '90000014', '1234', 'Donee', 'Active'),
('Donee 15', 'donee15', 'donee15@gmail.com', '90000015', '1234', 'Donee', 'Active'),
('Donee 16', 'donee16', 'donee16@gmail.com', '90000016', '1234', 'Donee', 'Active'),
('Donee 17', 'donee17', 'donee17@gmail.com', '90000017', '1234', 'Donee', 'Active'),
('Donee 18', 'donee18', 'donee18@gmail.com', '90000018', '1234', 'Donee', 'Active'),
('Donee 19', 'donee19', 'donee19@gmail.com', '90000019', '1234', 'Donee', 'Active'),
('Donee 20', 'donee20', 'donee20@gmail.com', '90000020', '1234', 'Donee', 'Active'),
('Donee 21', 'donee21', 'donee21@gmail.com', '90000021', '1234', 'Donee', 'Active'),
('Donee 22', 'donee22', 'donee22@gmail.com', '90000022', '1234', 'Donee', 'Active'),
('Donee 23', 'donee23', 'donee23@gmail.com', '90000023', '1234', 'Donee', 'Active'),
('Donee 24', 'donee24', 'donee24@gmail.com', '90000024', '1234', 'Donee', 'Active'),
('Donee 25', 'donee25', 'donee25@gmail.com', '90000025', '1234', 'Donee', 'Active'),
('Donee 26', 'donee26', 'donee26@gmail.com', '90000026', '1234', 'Donee', 'Active'),
('Donee 27', 'donee27', 'donee27@gmail.com', '90000027', '1234', 'Donee', 'Active'),
('Donee 28', 'donee28', 'donee28@gmail.com', '90000028', '1234', 'Donee', 'Active'),
('Donee 29', 'donee29', 'donee29@gmail.com', '90000029', '1234', 'Donee', 'Active'),
('Donee 30', 'donee30', 'donee30@gmail.com', '90000030', '1234', 'Donee', 'Active'),
('Donee 31', 'donee31', 'donee31@gmail.com', '90000031', '1234', 'Donee', 'Active'),
('Donee 32', 'donee32', 'donee32@gmail.com', '90000032', '1234', 'Donee', 'Active'),
('Donee 33', 'donee33', 'donee33@gmail.com', '90000033', '1234', 'Donee', 'Active'),
('Donee 34', 'donee34', 'donee34@gmail.com', '90000034', '1234', 'Donee', 'Active'),
('Donee 35', 'donee35', 'donee35@gmail.com', '90000035', '1234', 'Donee', 'Active'),
('Donee 36', 'donee36', 'donee36@gmail.com', '90000036', '1234', 'Donee', 'Active'),
('Donee 37', 'donee37', 'donee37@gmail.com', '90000037', '1234', 'Donee', 'Active'),
('Donee 38', 'donee38', 'donee38@gmail.com', '90000038', '1234', 'Donee', 'Active'),
('Donee 39', 'donee39', 'donee39@gmail.com', '90000039', '1234', 'Donee', 'Active'),
('Donee 40', 'donee40', 'donee40@gmail.com', '90000040', '1234', 'Donee', 'Active'),
('Donee 41', 'donee41', 'donee41@gmail.com', '90000041', '1234', 'Donee', 'Active'),
('Donee 42', 'donee42', 'donee42@gmail.com', '90000042', '1234', 'Donee', 'Active'),
('Donee 43', 'donee43', 'donee43@gmail.com', '90000043', '1234', 'Donee', 'Active'),
('Donee 44', 'donee44', 'donee44@gmail.com', '90000044', '1234', 'Donee', 'Active'),
('Donee 45', 'donee45', 'donee45@gmail.com', '90000045', '1234', 'Donee', 'Active'),
('Donee 46', 'donee46', 'donee46@gmail.com', '90000046', '1234', 'Donee', 'Active'),
('Donee 47', 'donee47', 'donee47@gmail.com', '90000047', '1234', 'Donee', 'Active'),
('Donee 48', 'donee48', 'donee48@gmail.com', '90000048', '1234', 'Donee', 'Active'),
('Donee 49', 'donee49', 'donee49@gmail.com', '90000049', '1234', 'Donee', 'Active'),
('Donee 50', 'donee50', 'donee50@gmail.com', '90000050', '1234', 'Donee', 'Active'),
('Donee 51', 'donee51', 'donee51@gmail.com', '90000051', '1234', 'Donee', 'Active'),
('Donee 52', 'donee52', 'donee52@gmail.com', '90000052', '1234', 'Donee', 'Active'),
('Donee 53', 'donee53', 'donee53@gmail.com', '90000053', '1234', 'Donee', 'Active'),
('Donee 54', 'donee54', 'donee54@gmail.com', '90000054', '1234', 'Donee', 'Active'),
('Donee 55', 'donee55', 'donee55@gmail.com', '90000055', '1234', 'Donee', 'Active'),
('Donee 56', 'donee56', 'donee56@gmail.com', '90000056', '1234', 'Donee', 'Active'),
('Donee 57', 'donee57', 'donee57@gmail.com', '90000057', '1234', 'Donee', 'Active'),
('Donee 58', 'donee58', 'donee58@gmail.com', '90000058', '1234', 'Donee', 'Active'),
('Donee 59', 'donee59', 'donee59@gmail.com', '90000059', '1234', 'Donee', 'Active'),
('Donee 60', 'donee60', 'donee60@gmail.com', '90000060', '1234', 'Donee', 'Active'),
('Donee 61', 'donee61', 'donee61@gmail.com', '90000061', '1234', 'Donee', 'Active'),
('Donee 62', 'donee62', 'donee62@gmail.com', '90000062', '1234', 'Donee', 'Active'),
('Donee 63', 'donee63', 'donee63@gmail.com', '90000063', '1234', 'Donee', 'Active'),
('Donee 64', 'donee64', 'donee64@gmail.com', '90000064', '1234', 'Donee', 'Active'),
('Donee 65', 'donee65', 'donee65@gmail.com', '90000065', '1234', 'Donee', 'Active'),
('Donee 66', 'donee66', 'donee66@gmail.com', '90000066', '1234', 'Donee', 'Active'),
('Donee 67', 'donee67', 'donee67@gmail.com', '90000067', '1234', 'Donee', 'Active'),
('Donee 68', 'donee68', 'donee68@gmail.com', '90000068', '1234', 'Donee', 'Active'),
('Donee 69', 'donee69', 'donee69@gmail.com', '90000069', '1234', 'Donee', 'Active'),
('Donee 70', 'donee70', 'donee70@gmail.com', '90000070', '1234', 'Donee', 'Active'),
('Donee 71', 'donee71', 'donee71@gmail.com', '90000071', '1234', 'Donee', 'Active'),
('Donee 72', 'donee72', 'donee72@gmail.com', '90000072', '1234', 'Donee', 'Active'),
('Donee 73', 'donee73', 'donee73@gmail.com', '90000073', '1234', 'Donee', 'Active'),
('Donee 74', 'donee74', 'donee74@gmail.com', '90000074', '1234', 'Donee', 'Active'),
('Donee 75', 'donee75', 'donee75@gmail.com', '90000075', '1234', 'Donee', 'Active'),
('Donee 76', 'donee76', 'donee76@gmail.com', '90000076', '1234', 'Donee', 'Active'),
('Donee 77', 'donee77', 'donee77@gmail.com', '90000077', '1234', 'Donee', 'Active'),
('Donee 78', 'donee78', 'donee78@gmail.com', '90000078', '1234', 'Donee', 'Active'),
('Donee 79', 'donee79', 'donee79@gmail.com', '90000079', '1234', 'Donee', 'Active'),
('Donee 80', 'donee80', 'donee80@gmail.com', '90000080', '1234', 'Donee', 'Active'),
('Donee 81', 'donee81', 'donee81@gmail.com', '90000081', '1234', 'Donee', 'Active'),
('Donee 82', 'donee82', 'donee82@gmail.com', '90000082', '1234', 'Donee', 'Active'),
('Donee 83', 'donee83', 'donee83@gmail.com', '90000083', '1234', 'Donee', 'Active'),
('Donee 84', 'donee84', 'donee84@gmail.com', '90000084', '1234', 'Donee', 'Active'),
('Donee 85', 'donee85', 'donee85@gmail.com', '90000085', '1234', 'Donee', 'Active'),
('Donee 86', 'donee86', 'donee86@gmail.com', '90000086', '1234', 'Donee', 'Active'),
('Donee 87', 'donee87', 'donee87@gmail.com', '90000087', '1234', 'Donee', 'Active'),
('Donee 88', 'donee88', 'donee88@gmail.com', '90000088', '1234', 'Donee', 'Active'),
('Donee 89', 'donee89', 'donee89@gmail.com', '90000089', '1234', 'Donee', 'Active'),
('Donee 90', 'donee90', 'donee90@gmail.com', '90000090', '1234', 'Donee', 'Active'),
('Donee 91', 'donee91', 'donee91@gmail.com', '90000091', '1234', 'Donee', 'Active'),
('Donee 92', 'donee92', 'donee92@gmail.com', '90000092', '1234', 'Donee', 'Active'),
('Donee 93', 'donee93', 'donee93@gmail.com', '90000093', '1234', 'Donee', 'Active'),
('Donee 94', 'donee94', 'donee94@gmail.com', '90000094', '1234', 'Donee', 'Active'),
('Donee 95', 'donee95', 'donee95@gmail.com', '90000095', '1234', 'Donee', 'Active'),
('Donee 96', 'donee96', 'donee96@gmail.com', '90000096', '1234', 'Donee', 'Active'),
('Donee 97', 'donee97', 'donee97@gmail.com', '90000097', '1234', 'Donee', 'Active'),
('Donee 98', 'donee98', 'donee98@gmail.com', '90000098', '1234', 'Donee', 'Active'),
('Donee 99', 'donee99', 'donee99@gmail.com', '90000099', '1234', 'Donee', 'Active'),
('Fundraiser 1', 'fundraiser1', 'fundraiser1@gmail.com', '91000001', '1234', 'Fundraiser', 'Active'),
('Fundraiser 2', 'fundraiser2', 'fundraiser2@gmail.com', '91000002', '1234', 'Fundraiser', 'Active'),
('Fundraiser 3', 'fundraiser3', 'fundraiser3@gmail.com', '91000003', '1234', 'Fundraiser', 'Active'),
('Fundraiser 4', 'fundraiser4', 'fundraiser4@gmail.com', '91000004', '1234', 'Fundraiser', 'Active'),
('Fundraiser 5', 'fundraiser5', 'fundraiser5@gmail.com', '91000005', '1234', 'Fundraiser', 'Active'),
('Fundraiser 6', 'fundraiser6', 'fundraiser6@gmail.com', '91000006', '1234', 'Fundraiser', 'Active'),
('Fundraiser 7', 'fundraiser7', 'fundraiser7@gmail.com', '91000007', '1234', 'Fundraiser', 'Active'),
('Fundraiser 8', 'fundraiser8', 'fundraiser8@gmail.com', '91000008', '1234', 'Fundraiser', 'Active'),
('Fundraiser 9', 'fundraiser9', 'fundraiser9@gmail.com', '91000009', '1234', 'Fundraiser', 'Active'),
('Fundraiser 10', 'fundraiser10', 'fundraiser10@gmail.com', '91000010', '1234', 'Fundraiser', 'Active'),
('Fundraiser 11', 'fundraiser11', 'fundraiser11@gmail.com', '91000011', '1234', 'Fundraiser', 'Active'),
('Fundraiser 12', 'fundraiser12', 'fundraiser12@gmail.com', '91000012', '1234', 'Fundraiser', 'Active'),
('Fundraiser 13', 'fundraiser13', 'fundraiser13@gmail.com', '91000013', '1234', 'Fundraiser', 'Active'),
('Fundraiser 14', 'fundraiser14', 'fundraiser14@gmail.com', '91000014', '1234', 'Fundraiser', 'Active'),
('Fundraiser 15', 'fundraiser15', 'fundraiser15@gmail.com', '91000015', '1234', 'Fundraiser', 'Active'),
('Fundraiser 16', 'fundraiser16', 'fundraiser16@gmail.com', '91000016', '1234', 'Fundraiser', 'Active'),
('Fundraiser 17', 'fundraiser17', 'fundraiser17@gmail.com', '91000017', '1234', 'Fundraiser', 'Active'),
('Fundraiser 18', 'fundraiser18', 'fundraiser18@gmail.com', '91000018', '1234', 'Fundraiser', 'Active'),
('Fundraiser 19', 'fundraiser19', 'fundraiser19@gmail.com', '91000019', '1234', 'Fundraiser', 'Active'),
('Fundraiser 20', 'fundraiser20', 'fundraiser20@gmail.com', '91000020', '1234', 'Fundraiser', 'Active'),
('Fundraiser 21', 'fundraiser21', 'fundraiser21@gmail.com', '91000021', '1234', 'Fundraiser', 'Active'),
('Fundraiser 22', 'fundraiser22', 'fundraiser22@gmail.com', '91000022', '1234', 'Fundraiser', 'Active'),
('Fundraiser 23', 'fundraiser23', 'fundraiser23@gmail.com', '91000023', '1234', 'Fundraiser', 'Active'),
('Fundraiser 24', 'fundraiser24', 'fundraiser24@gmail.com', '91000024', '1234', 'Fundraiser', 'Active'),
('Fundraiser 25', 'fundraiser25', 'fundraiser25@gmail.com', '91000025', '1234', 'Fundraiser', 'Active'),
('Fundraiser 26', 'fundraiser26', 'fundraiser26@gmail.com', '91000026', '1234', 'Fundraiser', 'Active'),
('Fundraiser 27', 'fundraiser27', 'fundraiser27@gmail.com', '91000027', '1234', 'Fundraiser', 'Active'),
('Fundraiser 28', 'fundraiser28', 'fundraiser28@gmail.com', '91000028', '1234', 'Fundraiser', 'Active'),
('Fundraiser 29', 'fundraiser29', 'fundraiser29@gmail.com', '91000029', '1234', 'Fundraiser', 'Active'),
('Fundraiser 30', 'fundraiser30', 'fundraiser30@gmail.com', '91000030', '1234', 'Fundraiser', 'Active'),
('Fundraiser 31', 'fundraiser31', 'fundraiser31@gmail.com', '91000031', '1234', 'Fundraiser', 'Active'),
('Fundraiser 32', 'fundraiser32', 'fundraiser32@gmail.com', '91000032', '1234', 'Fundraiser', 'Active'),
('Fundraiser 33', 'fundraiser33', 'fundraiser33@gmail.com', '91000033', '1234', 'Fundraiser', 'Active'),
('Fundraiser 34', 'fundraiser34', 'fundraiser34@gmail.com', '91000034', '1234', 'Fundraiser', 'Active'),
('Fundraiser 35', 'fundraiser35', 'fundraiser35@gmail.com', '91000035', '1234', 'Fundraiser', 'Active'),
('Fundraiser 36', 'fundraiser36', 'fundraiser36@gmail.com', '91000036', '1234', 'Fundraiser', 'Active'),
('Fundraiser 37', 'fundraiser37', 'fundraiser37@gmail.com', '91000037', '1234', 'Fundraiser', 'Active'),
('Fundraiser 38', 'fundraiser38', 'fundraiser38@gmail.com', '91000038', '1234', 'Fundraiser', 'Active'),
('Fundraiser 39', 'fundraiser39', 'fundraiser39@gmail.com', '91000039', '1234', 'Fundraiser', 'Active'),
('Fundraiser 40', 'fundraiser40', 'fundraiser40@gmail.com', '91000040', '1234', 'Fundraiser', 'Active'),
('Fundraiser 41', 'fundraiser41', 'fundraiser41@gmail.com', '91000041', '1234', 'Fundraiser', 'Active'),
('Fundraiser 42', 'fundraiser42', 'fundraiser42@gmail.com', '91000042', '1234', 'Fundraiser', 'Active'),
('Fundraiser 43', 'fundraiser43', 'fundraiser43@gmail.com', '91000043', '1234', 'Fundraiser', 'Active'),
('Fundraiser 44', 'fundraiser44', 'fundraiser44@gmail.com', '91000044', '1234', 'Fundraiser', 'Active'),
('Fundraiser 45', 'fundraiser45', 'fundraiser45@gmail.com', '91000045', '1234', 'Fundraiser', 'Active'),
('Fundraiser 46', 'fundraiser46', 'fundraiser46@gmail.com', '91000046', '1234', 'Fundraiser', 'Active'),
('Fundraiser 47', 'fundraiser47', 'fundraiser47@gmail.com', '91000047', '1234', 'Fundraiser', 'Active'),
('Fundraiser 48', 'fundraiser48', 'fundraiser48@gmail.com', '91000048', '1234', 'Fundraiser', 'Active'),
('Fundraiser 49', 'fundraiser49', 'fundraiser49@gmail.com', '91000049', '1234', 'Fundraiser', 'Active'),
('Fundraiser 50', 'fundraiser50', 'fundraiser50@gmail.com', '91000050', '1234', 'Fundraiser', 'Active'),
('Fundraiser 51', 'fundraiser51', 'fundraiser51@gmail.com', '91000051', '1234', 'Fundraiser', 'Active'),
('Fundraiser 52', 'fundraiser52', 'fundraiser52@gmail.com', '91000052', '1234', 'Fundraiser', 'Active'),
('Fundraiser 53', 'fundraiser53', 'fundraiser53@gmail.com', '91000053', '1234', 'Fundraiser', 'Active'),
('Fundraiser 54', 'fundraiser54', 'fundraiser54@gmail.com', '91000054', '1234', 'Fundraiser', 'Active'),
('Fundraiser 55', 'fundraiser55', 'fundraiser55@gmail.com', '91000055', '1234', 'Fundraiser', 'Active'),
('Fundraiser 56', 'fundraiser56', 'fundraiser56@gmail.com', '91000056', '1234', 'Fundraiser', 'Active'),
('Fundraiser 57', 'fundraiser57', 'fundraiser57@gmail.com', '91000057', '1234', 'Fundraiser', 'Active'),
('Fundraiser 58', 'fundraiser58', 'fundraiser58@gmail.com', '91000058', '1234', 'Fundraiser', 'Active'),
('Fundraiser 59', 'fundraiser59', 'fundraiser59@gmail.com', '91000059', '1234', 'Fundraiser', 'Active'),
('Fundraiser 60', 'fundraiser60', 'fundraiser60@gmail.com', '91000060', '1234', 'Fundraiser', 'Active'),
('Fundraiser 61', 'fundraiser61', 'fundraiser61@gmail.com', '91000061', '1234', 'Fundraiser', 'Active'),
('Fundraiser 62', 'fundraiser62', 'fundraiser62@gmail.com', '91000062', '1234', 'Fundraiser', 'Active'),
('Fundraiser 63', 'fundraiser63', 'fundraiser63@gmail.com', '91000063', '1234', 'Fundraiser', 'Active'),
('Fundraiser 64', 'fundraiser64', 'fundraiser64@gmail.com', '91000064', '1234', 'Fundraiser', 'Active'),
('Fundraiser 65', 'fundraiser65', 'fundraiser65@gmail.com', '91000065', '1234', 'Fundraiser', 'Active'),
('Fundraiser 66', 'fundraiser66', 'fundraiser66@gmail.com', '91000066', '1234', 'Fundraiser', 'Active'),
('Fundraiser 67', 'fundraiser67', 'fundraiser67@gmail.com', '91000067', '1234', 'Fundraiser', 'Active'),
('Fundraiser 68', 'fundraiser68', 'fundraiser68@gmail.com', '91000068', '1234', 'Fundraiser', 'Active'),
('Fundraiser 69', 'fundraiser69', 'fundraiser69@gmail.com', '91000069', '1234', 'Fundraiser', 'Active'),
('Fundraiser 70', 'fundraiser70', 'fundraiser70@gmail.com', '91000070', '1234', 'Fundraiser', 'Active'),
('Fundraiser 71', 'fundraiser71', 'fundraiser71@gmail.com', '91000071', '1234', 'Fundraiser', 'Active'),
('Fundraiser 72', 'fundraiser72', 'fundraiser72@gmail.com', '91000072', '1234', 'Fundraiser', 'Active'),
('Fundraiser 73', 'fundraiser73', 'fundraiser73@gmail.com', '91000073', '1234', 'Fundraiser', 'Active'),
('Fundraiser 74', 'fundraiser74', 'fundraiser74@gmail.com', '91000074', '1234', 'Fundraiser', 'Active'),
('Fundraiser 75', 'fundraiser75', 'fundraiser75@gmail.com', '91000075', '1234', 'Fundraiser', 'Active'),
('Fundraiser 76', 'fundraiser76', 'fundraiser76@gmail.com', '91000076', '1234', 'Fundraiser', 'Active'),
('Fundraiser 77', 'fundraiser77', 'fundraiser77@gmail.com', '91000077', '1234', 'Fundraiser', 'Active'),
('Fundraiser 78', 'fundraiser78', 'fundraiser78@gmail.com', '91000078', '1234', 'Fundraiser', 'Active'),
('Fundraiser 79', 'fundraiser79', 'fundraiser79@gmail.com', '91000079', '1234', 'Fundraiser', 'Active'),
('Fundraiser 80', 'fundraiser80', 'fundraiser80@gmail.com', '91000080', '1234', 'Fundraiser', 'Active'),
('Fundraiser 81', 'fundraiser81', 'fundraiser81@gmail.com', '91000081', '1234', 'Fundraiser', 'Active'),
('Fundraiser 82', 'fundraiser82', 'fundraiser82@gmail.com', '91000082', '1234', 'Fundraiser', 'Active'),
('Fundraiser 83', 'fundraiser83', 'fundraiser83@gmail.com', '91000083', '1234', 'Fundraiser', 'Active'),
('Fundraiser 84', 'fundraiser84', 'fundraiser84@gmail.com', '91000084', '1234', 'Fundraiser', 'Active'),
('Fundraiser 85', 'fundraiser85', 'fundraiser85@gmail.com', '91000085', '1234', 'Fundraiser', 'Active'),
('Fundraiser 86', 'fundraiser86', 'fundraiser86@gmail.com', '91000086', '1234', 'Fundraiser', 'Active'),
('Fundraiser 87', 'fundraiser87', 'fundraiser87@gmail.com', '91000087', '1234', 'Fundraiser', 'Active'),
('Fundraiser 88', 'fundraiser88', 'fundraiser88@gmail.com', '91000088', '1234', 'Fundraiser', 'Active'),
('Fundraiser 89', 'fundraiser89', 'fundraiser89@gmail.com', '91000089', '1234', 'Fundraiser', 'Active'),
('Fundraiser 90', 'fundraiser90', 'fundraiser90@gmail.com', '91000090', '1234', 'Fundraiser', 'Active'),
('Fundraiser 91', 'fundraiser91', 'fundraiser91@gmail.com', '91000091', '1234', 'Fundraiser', 'Active'),
('Fundraiser 92', 'fundraiser92', 'fundraiser92@gmail.com', '91000092', '1234', 'Fundraiser', 'Active'),
('Fundraiser 93', 'fundraiser93', 'fundraiser93@gmail.com', '91000093', '1234', 'Fundraiser', 'Active'),
('Fundraiser 94', 'fundraiser94', 'fundraiser94@gmail.com', '91000094', '1234', 'Fundraiser', 'Active'),
('Fundraiser 95', 'fundraiser95', 'fundraiser95@gmail.com', '91000095', '1234', 'Fundraiser', 'Active'),
('Fundraiser 96', 'fundraiser96', 'fundraiser96@gmail.com', '91000096', '1234', 'Fundraiser', 'Active'),
('Fundraiser 97', 'fundraiser97', 'fundraiser97@gmail.com', '91000097', '1234', 'Fundraiser', 'Active'),
('Fundraiser 98', 'fundraiser98', 'fundraiser98@gmail.com', '91000098', '1234', 'Fundraiser', 'Active'),
('Fundraiser 99', 'fundraiser99', 'fundraiser99@gmail.com', '91000099', '1234', 'Fundraiser', 'Active'),
('User Admin 1', 'useradmin1', 'useradmin1@gmail.com', '92000001', '1234', 'User Admin', 'Active'),
('User Admin 2', 'useradmin2', 'useradmin2@gmail.com', '92000002', '1234', 'User Admin', 'Active'),
('User Admin 3', 'useradmin3', 'useradmin3@gmail.com', '92000003', '1234', 'User Admin', 'Active'),
('User Admin 4', 'useradmin4', 'useradmin4@gmail.com', '92000004', '1234', 'User Admin', 'Active'),
('User Admin 5', 'useradmin5', 'useradmin5@gmail.com', '92000005', '1234', 'User Admin', 'Active'),
('User Admin 6', 'useradmin6', 'useradmin6@gmail.com', '92000006', '1234', 'User Admin', 'Active'),
('User Admin 7', 'useradmin7', 'useradmin7@gmail.com', '92000007', '1234', 'User Admin', 'Active'),
('User Admin 8', 'useradmin8', 'useradmin8@gmail.com', '92000008', '1234', 'User Admin', 'Active'),
('User Admin 9', 'useradmin9', 'useradmin9@gmail.com', '92000009', '1234', 'User Admin', 'Active'),
('User Admin 10', 'useradmin10', 'useradmin10@gmail.com', '92000010', '1234', 'User Admin', 'Active'),
('User Admin 11', 'useradmin11', 'useradmin11@gmail.com', '92000011', '1234', 'User Admin', 'Active'),
('User Admin 12', 'useradmin12', 'useradmin12@gmail.com', '92000012', '1234', 'User Admin', 'Active'),
('User Admin 13', 'useradmin13', 'useradmin13@gmail.com', '92000013', '1234', 'User Admin', 'Active'),
('User Admin 14', 'useradmin14', 'useradmin14@gmail.com', '92000014', '1234', 'User Admin', 'Active'),
('User Admin 15', 'useradmin15', 'useradmin15@gmail.com', '92000015', '1234', 'User Admin', 'Active'),
('User Admin 16', 'useradmin16', 'useradmin16@gmail.com', '92000016', '1234', 'User Admin', 'Active'),
('User Admin 17', 'useradmin17', 'useradmin17@gmail.com', '92000017', '1234', 'User Admin', 'Active'),
('User Admin 18', 'useradmin18', 'useradmin18@gmail.com', '92000018', '1234', 'User Admin', 'Active'),
('User Admin 19', 'useradmin19', 'useradmin19@gmail.com', '92000019', '1234', 'User Admin', 'Active'),
('User Admin 20', 'useradmin20', 'useradmin20@gmail.com', '92000020', '1234', 'User Admin', 'Active'),
('User Admin 21', 'useradmin21', 'useradmin21@gmail.com', '92000021', '1234', 'User Admin', 'Active'),
('User Admin 22', 'useradmin22', 'useradmin22@gmail.com', '92000022', '1234', 'User Admin', 'Active'),
('User Admin 23', 'useradmin23', 'useradmin23@gmail.com', '92000023', '1234', 'User Admin', 'Active'),
('User Admin 24', 'useradmin24', 'useradmin24@gmail.com', '92000024', '1234', 'User Admin', 'Active'),
('User Admin 25', 'useradmin25', 'useradmin25@gmail.com', '92000025', '1234', 'User Admin', 'Active'),
('User Admin 26', 'useradmin26', 'useradmin26@gmail.com', '92000026', '1234', 'User Admin', 'Active'),
('User Admin 27', 'useradmin27', 'useradmin27@gmail.com', '92000027', '1234', 'User Admin', 'Active'),
('User Admin 28', 'useradmin28', 'useradmin28@gmail.com', '92000028', '1234', 'User Admin', 'Active'),
('User Admin 29', 'useradmin29', 'useradmin29@gmail.com', '92000029', '1234', 'User Admin', 'Active'),
('User Admin 30', 'useradmin30', 'useradmin30@gmail.com', '92000030', '1234', 'User Admin', 'Active'),
('User Admin 31', 'useradmin31', 'useradmin31@gmail.com', '92000031', '1234', 'User Admin', 'Active'),
('User Admin 32', 'useradmin32', 'useradmin32@gmail.com', '92000032', '1234', 'User Admin', 'Active'),
('User Admin 33', 'useradmin33', 'useradmin33@gmail.com', '92000033', '1234', 'User Admin', 'Active'),
('User Admin 34', 'useradmin34', 'useradmin34@gmail.com', '92000034', '1234', 'User Admin', 'Active'),
('User Admin 35', 'useradmin35', 'useradmin35@gmail.com', '92000035', '1234', 'User Admin', 'Active'),
('User Admin 36', 'useradmin36', 'useradmin36@gmail.com', '92000036', '1234', 'User Admin', 'Active'),
('User Admin 37', 'useradmin37', 'useradmin37@gmail.com', '92000037', '1234', 'User Admin', 'Active'),
('User Admin 38', 'useradmin38', 'useradmin38@gmail.com', '92000038', '1234', 'User Admin', 'Active'),
('User Admin 39', 'useradmin39', 'useradmin39@gmail.com', '92000039', '1234', 'User Admin', 'Active'),
('User Admin 40', 'useradmin40', 'useradmin40@gmail.com', '92000040', '1234', 'User Admin', 'Active'),
('User Admin 41', 'useradmin41', 'useradmin41@gmail.com', '92000041', '1234', 'User Admin', 'Active'),
('User Admin 42', 'useradmin42', 'useradmin42@gmail.com', '92000042', '1234', 'User Admin', 'Active'),
('User Admin 43', 'useradmin43', 'useradmin43@gmail.com', '92000043', '1234', 'User Admin', 'Active'),
('User Admin 44', 'useradmin44', 'useradmin44@gmail.com', '92000044', '1234', 'User Admin', 'Active'),
('User Admin 45', 'useradmin45', 'useradmin45@gmail.com', '92000045', '1234', 'User Admin', 'Active'),
('User Admin 46', 'useradmin46', 'useradmin46@gmail.com', '92000046', '1234', 'User Admin', 'Active'),
('User Admin 47', 'useradmin47', 'useradmin47@gmail.com', '92000047', '1234', 'User Admin', 'Active'),
('User Admin 48', 'useradmin48', 'useradmin48@gmail.com', '92000048', '1234', 'User Admin', 'Active'),
('User Admin 49', 'useradmin49', 'useradmin49@gmail.com', '92000049', '1234', 'User Admin', 'Active'),
('User Admin 50', 'useradmin50', 'useradmin50@gmail.com', '92000050', '1234', 'User Admin', 'Active'),
('User Admin 51', 'useradmin51', 'useradmin51@gmail.com', '92000051', '1234', 'User Admin', 'Active'),
('User Admin 52', 'useradmin52', 'useradmin52@gmail.com', '92000052', '1234', 'User Admin', 'Active'),
('User Admin 53', 'useradmin53', 'useradmin53@gmail.com', '92000053', '1234', 'User Admin', 'Active'),
('User Admin 54', 'useradmin54', 'useradmin54@gmail.com', '92000054', '1234', 'User Admin', 'Active'),
('User Admin 55', 'useradmin55', 'useradmin55@gmail.com', '92000055', '1234', 'User Admin', 'Active'),
('User Admin 56', 'useradmin56', 'useradmin56@gmail.com', '92000056', '1234', 'User Admin', 'Active'),
('User Admin 57', 'useradmin57', 'useradmin57@gmail.com', '92000057', '1234', 'User Admin', 'Active'),
('User Admin 58', 'useradmin58', 'useradmin58@gmail.com', '92000058', '1234', 'User Admin', 'Active'),
('User Admin 59', 'useradmin59', 'useradmin59@gmail.com', '92000059', '1234', 'User Admin', 'Active'),
('User Admin 60', 'useradmin60', 'useradmin60@gmail.com', '92000060', '1234', 'User Admin', 'Active'),
('User Admin 61', 'useradmin61', 'useradmin61@gmail.com', '92000061', '1234', 'User Admin', 'Active'),
('User Admin 62', 'useradmin62', 'useradmin62@gmail.com', '92000062', '1234', 'User Admin', 'Active'),
('User Admin 63', 'useradmin63', 'useradmin63@gmail.com', '92000063', '1234', 'User Admin', 'Active'),
('User Admin 64', 'useradmin64', 'useradmin64@gmail.com', '92000064', '1234', 'User Admin', 'Active'),
('User Admin 65', 'useradmin65', 'useradmin65@gmail.com', '92000065', '1234', 'User Admin', 'Active'),
('User Admin 66', 'useradmin66', 'useradmin66@gmail.com', '92000066', '1234', 'User Admin', 'Active'),
('User Admin 67', 'useradmin67', 'useradmin67@gmail.com', '92000067', '1234', 'User Admin', 'Active'),
('User Admin 68', 'useradmin68', 'useradmin68@gmail.com', '92000068', '1234', 'User Admin', 'Active'),
('User Admin 69', 'useradmin69', 'useradmin69@gmail.com', '92000069', '1234', 'User Admin', 'Active'),
('User Admin 70', 'useradmin70', 'useradmin70@gmail.com', '92000070', '1234', 'User Admin', 'Active'),
('User Admin 71', 'useradmin71', 'useradmin71@gmail.com', '92000071', '1234', 'User Admin', 'Active'),
('User Admin 72', 'useradmin72', 'useradmin72@gmail.com', '92000072', '1234', 'User Admin', 'Active'),
('User Admin 73', 'useradmin73', 'useradmin73@gmail.com', '92000073', '1234', 'User Admin', 'Active'),
('User Admin 74', 'useradmin74', 'useradmin74@gmail.com', '92000074', '1234', 'User Admin', 'Active'),
('User Admin 75', 'useradmin75', 'useradmin75@gmail.com', '92000075', '1234', 'User Admin', 'Active'),
('User Admin 76', 'useradmin76', 'useradmin76@gmail.com', '92000076', '1234', 'User Admin', 'Active'),
('User Admin 77', 'useradmin77', 'useradmin77@gmail.com', '92000077', '1234', 'User Admin', 'Active'),
('User Admin 78', 'useradmin78', 'useradmin78@gmail.com', '92000078', '1234', 'User Admin', 'Active'),
('User Admin 79', 'useradmin79', 'useradmin79@gmail.com', '92000079', '1234', 'User Admin', 'Active'),
('User Admin 80', 'useradmin80', 'useradmin80@gmail.com', '92000080', '1234', 'User Admin', 'Active'),
('User Admin 81', 'useradmin81', 'useradmin81@gmail.com', '92000081', '1234', 'User Admin', 'Active'),
('User Admin 82', 'useradmin82', 'useradmin82@gmail.com', '92000082', '1234', 'User Admin', 'Active'),
('User Admin 83', 'useradmin83', 'useradmin83@gmail.com', '92000083', '1234', 'User Admin', 'Active'),
('User Admin 84', 'useradmin84', 'useradmin84@gmail.com', '92000084', '1234', 'User Admin', 'Active'),
('User Admin 85', 'useradmin85', 'useradmin85@gmail.com', '92000085', '1234', 'User Admin', 'Active'),
('User Admin 86', 'useradmin86', 'useradmin86@gmail.com', '92000086', '1234', 'User Admin', 'Active'),
('User Admin 87', 'useradmin87', 'useradmin87@gmail.com', '92000087', '1234', 'User Admin', 'Active'),
('User Admin 88', 'useradmin88', 'useradmin88@gmail.com', '92000088', '1234', 'User Admin', 'Active'),
('User Admin 89', 'useradmin89', 'useradmin89@gmail.com', '92000089', '1234', 'User Admin', 'Active'),
('User Admin 90', 'useradmin90', 'useradmin90@gmail.com', '92000090', '1234', 'User Admin', 'Active'),
('User Admin 91', 'useradmin91', 'useradmin91@gmail.com', '92000091', '1234', 'User Admin', 'Active'),
('User Admin 92', 'useradmin92', 'useradmin92@gmail.com', '92000092', '1234', 'User Admin', 'Active'),
('User Admin 93', 'useradmin93', 'useradmin93@gmail.com', '92000093', '1234', 'User Admin', 'Active'),
('User Admin 94', 'useradmin94', 'useradmin94@gmail.com', '92000094', '1234', 'User Admin', 'Active'),
('User Admin 95', 'useradmin95', 'useradmin95@gmail.com', '92000095', '1234', 'User Admin', 'Active'),
('User Admin 96', 'useradmin96', 'useradmin96@gmail.com', '92000096', '1234', 'User Admin', 'Active'),
('User Admin 97', 'useradmin97', 'useradmin97@gmail.com', '92000097', '1234', 'User Admin', 'Active'),
('User Admin 98', 'useradmin98', 'useradmin98@gmail.com', '92000098', '1234', 'User Admin', 'Active'),
('User Admin 99', 'useradmin99', 'useradmin99@gmail.com', '92000099', '1234', 'User Admin', 'Active'),
('Platform Manager 1', 'pm1', 'pm1@gmail.com', '93000001', '1234', 'Platform Manager', 'Active'),
('Platform Manager 2', 'pm2', 'pm2@gmail.com', '93000002', '1234', 'Platform Manager', 'Active'),
('Platform Manager 3', 'pm3', 'pm3@gmail.com', '93000003', '1234', 'Platform Manager', 'Active'),
('Platform Manager 4', 'pm4', 'pm4@gmail.com', '93000004', '1234', 'Platform Manager', 'Active'),
('Platform Manager 5', 'pm5', 'pm5@gmail.com', '93000005', '1234', 'Platform Manager', 'Active'),
('Platform Manager 6', 'pm6', 'pm6@gmail.com', '93000006', '1234', 'Platform Manager', 'Active'),
('Platform Manager 7', 'pm7', 'pm7@gmail.com', '93000007', '1234', 'Platform Manager', 'Active'),
('Platform Manager 8', 'pm8', 'pm8@gmail.com', '93000008', '1234', 'Platform Manager', 'Active'),
('Platform Manager 9', 'pm9', 'pm9@gmail.com', '93000009', '1234', 'Platform Manager', 'Active'),
('Platform Manager 10', 'pm10', 'pm10@gmail.com', '93000010', '1234', 'Platform Manager', 'Active'),
('Platform Manager 11', 'pm11', 'pm11@gmail.com', '93000011', '1234', 'Platform Manager', 'Active'),
('Platform Manager 12', 'pm12', 'pm12@gmail.com', '93000012', '1234', 'Platform Manager', 'Active'),
('Platform Manager 13', 'pm13', 'pm13@gmail.com', '93000013', '1234', 'Platform Manager', 'Active'),
('Platform Manager 14', 'pm14', 'pm14@gmail.com', '93000014', '1234', 'Platform Manager', 'Active'),
('Platform Manager 15', 'pm15', 'pm15@gmail.com', '93000015', '1234', 'Platform Manager', 'Active'),
('Platform Manager 16', 'pm16', 'pm16@gmail.com', '93000016', '1234', 'Platform Manager', 'Active'),
('Platform Manager 17', 'pm17', 'pm17@gmail.com', '93000017', '1234', 'Platform Manager', 'Active'),
('Platform Manager 18', 'pm18', 'pm18@gmail.com', '93000018', '1234', 'Platform Manager', 'Active'),
('Platform Manager 19', 'pm19', 'pm19@gmail.com', '93000019', '1234', 'Platform Manager', 'Active'),
('Platform Manager 20', 'pm20', 'pm20@gmail.com', '93000020', '1234', 'Platform Manager', 'Active'),
('Platform Manager 21', 'pm21', 'pm21@gmail.com', '93000021', '1234', 'Platform Manager', 'Active'),
('Platform Manager 22', 'pm22', 'pm22@gmail.com', '93000022', '1234', 'Platform Manager', 'Active'),
('Platform Manager 23', 'pm23', 'pm23@gmail.com', '93000023', '1234', 'Platform Manager', 'Active'),
('Platform Manager 24', 'pm24', 'pm24@gmail.com', '93000024', '1234', 'Platform Manager', 'Active'),
('Platform Manager 25', 'pm25', 'pm25@gmail.com', '93000025', '1234', 'Platform Manager', 'Active'),
('Platform Manager 26', 'pm26', 'pm26@gmail.com', '93000026', '1234', 'Platform Manager', 'Active'),
('Platform Manager 27', 'pm27', 'pm27@gmail.com', '93000027', '1234', 'Platform Manager', 'Active'),
('Platform Manager 28', 'pm28', 'pm28@gmail.com', '93000028', '1234', 'Platform Manager', 'Active'),
('Platform Manager 29', 'pm29', 'pm29@gmail.com', '93000029', '1234', 'Platform Manager', 'Active'),
('Platform Manager 30', 'pm30', 'pm30@gmail.com', '93000030', '1234', 'Platform Manager', 'Active'),
('Platform Manager 31', 'pm31', 'pm31@gmail.com', '93000031', '1234', 'Platform Manager', 'Active'),
('Platform Manager 32', 'pm32', 'pm32@gmail.com', '93000032', '1234', 'Platform Manager', 'Active'),
('Platform Manager 33', 'pm33', 'pm33@gmail.com', '93000033', '1234', 'Platform Manager', 'Active'),
('Platform Manager 34', 'pm34', 'pm34@gmail.com', '93000034', '1234', 'Platform Manager', 'Active'),
('Platform Manager 35', 'pm35', 'pm35@gmail.com', '93000035', '1234', 'Platform Manager', 'Active'),
('Platform Manager 36', 'pm36', 'pm36@gmail.com', '93000036', '1234', 'Platform Manager', 'Active'),
('Platform Manager 37', 'pm37', 'pm37@gmail.com', '93000037', '1234', 'Platform Manager', 'Active'),
('Platform Manager 38', 'pm38', 'pm38@gmail.com', '93000038', '1234', 'Platform Manager', 'Active'),
('Platform Manager 39', 'pm39', 'pm39@gmail.com', '93000039', '1234', 'Platform Manager', 'Active'),
('Platform Manager 40', 'pm40', 'pm40@gmail.com', '93000040', '1234', 'Platform Manager', 'Active'),
('Platform Manager 41', 'pm41', 'pm41@gmail.com', '93000041', '1234', 'Platform Manager', 'Active'),
('Platform Manager 42', 'pm42', 'pm42@gmail.com', '93000042', '1234', 'Platform Manager', 'Active'),
('Platform Manager 43', 'pm43', 'pm43@gmail.com', '93000043', '1234', 'Platform Manager', 'Active'),
('Platform Manager 44', 'pm44', 'pm44@gmail.com', '93000044', '1234', 'Platform Manager', 'Active'),
('Platform Manager 45', 'pm45', 'pm45@gmail.com', '93000045', '1234', 'Platform Manager', 'Active'),
('Platform Manager 46', 'pm46', 'pm46@gmail.com', '93000046', '1234', 'Platform Manager', 'Active'),
('Platform Manager 47', 'pm47', 'pm47@gmail.com', '93000047', '1234', 'Platform Manager', 'Active'),
('Platform Manager 48', 'pm48', 'pm48@gmail.com', '93000048', '1234', 'Platform Manager', 'Active'),
('Platform Manager 49', 'pm49', 'pm49@gmail.com', '93000049', '1234', 'Platform Manager', 'Active'),
('Platform Manager 50', 'pm50', 'pm50@gmail.com', '93000050', '1234', 'Platform Manager', 'Active'),
('Platform Manager 51', 'pm51', 'pm51@gmail.com', '93000051', '1234', 'Platform Manager', 'Active'),
('Platform Manager 52', 'pm52', 'pm52@gmail.com', '93000052', '1234', 'Platform Manager', 'Active'),
('Platform Manager 53', 'pm53', 'pm53@gmail.com', '93000053', '1234', 'Platform Manager', 'Active'),
('Platform Manager 54', 'pm54', 'pm54@gmail.com', '93000054', '1234', 'Platform Manager', 'Active'),
('Platform Manager 55', 'pm55', 'pm55@gmail.com', '93000055', '1234', 'Platform Manager', 'Active'),
('Platform Manager 56', 'pm56', 'pm56@gmail.com', '93000056', '1234', 'Platform Manager', 'Active'),
('Platform Manager 57', 'pm57', 'pm57@gmail.com', '93000057', '1234', 'Platform Manager', 'Active'),
('Platform Manager 58', 'pm58', 'pm58@gmail.com', '93000058', '1234', 'Platform Manager', 'Active'),
('Platform Manager 59', 'pm59', 'pm59@gmail.com', '93000059', '1234', 'Platform Manager', 'Active'),
('Platform Manager 60', 'pm60', 'pm60@gmail.com', '93000060', '1234', 'Platform Manager', 'Active'),
('Platform Manager 61', 'pm61', 'pm61@gmail.com', '93000061', '1234', 'Platform Manager', 'Active'),
('Platform Manager 62', 'pm62', 'pm62@gmail.com', '93000062', '1234', 'Platform Manager', 'Active'),
('Platform Manager 63', 'pm63', 'pm63@gmail.com', '93000063', '1234', 'Platform Manager', 'Active'),
('Platform Manager 64', 'pm64', 'pm64@gmail.com', '93000064', '1234', 'Platform Manager', 'Active'),
('Platform Manager 65', 'pm65', 'pm65@gmail.com', '93000065', '1234', 'Platform Manager', 'Active'),
('Platform Manager 66', 'pm66', 'pm66@gmail.com', '93000066', '1234', 'Platform Manager', 'Active'),
('Platform Manager 67', 'pm67', 'pm67@gmail.com', '93000067', '1234', 'Platform Manager', 'Active'),
('Platform Manager 68', 'pm68', 'pm68@gmail.com', '93000068', '1234', 'Platform Manager', 'Active'),
('Platform Manager 69', 'pm69', 'pm69@gmail.com', '93000069', '1234', 'Platform Manager', 'Active'),
('Platform Manager 70', 'pm70', 'pm70@gmail.com', '93000070', '1234', 'Platform Manager', 'Active'),
('Platform Manager 71', 'pm71', 'pm71@gmail.com', '93000071', '1234', 'Platform Manager', 'Active'),
('Platform Manager 72', 'pm72', 'pm72@gmail.com', '93000072', '1234', 'Platform Manager', 'Active'),
('Platform Manager 73', 'pm73', 'pm73@gmail.com', '93000073', '1234', 'Platform Manager', 'Active'),
('Platform Manager 74', 'pm74', 'pm74@gmail.com', '93000074', '1234', 'Platform Manager', 'Active'),
('Platform Manager 75', 'pm75', 'pm75@gmail.com', '93000075', '1234', 'Platform Manager', 'Active'),
('Platform Manager 76', 'pm76', 'pm76@gmail.com', '93000076', '1234', 'Platform Manager', 'Active'),
('Platform Manager 77', 'pm77', 'pm77@gmail.com', '93000077', '1234', 'Platform Manager', 'Active'),
('Platform Manager 78', 'pm78', 'pm78@gmail.com', '93000078', '1234', 'Platform Manager', 'Active'),
('Platform Manager 79', 'pm79', 'pm79@gmail.com', '93000079', '1234', 'Platform Manager', 'Active'),
('Platform Manager 80', 'pm80', 'pm80@gmail.com', '93000080', '1234', 'Platform Manager', 'Active'),
('Platform Manager 81', 'pm81', 'pm81@gmail.com', '93000081', '1234', 'Platform Manager', 'Active'),
('Platform Manager 82', 'pm82', 'pm82@gmail.com', '93000082', '1234', 'Platform Manager', 'Active'),
('Platform Manager 83', 'pm83', 'pm83@gmail.com', '93000083', '1234', 'Platform Manager', 'Active'),
('Platform Manager 84', 'pm84', 'pm84@gmail.com', '93000084', '1234', 'Platform Manager', 'Active'),
('Platform Manager 85', 'pm85', 'pm85@gmail.com', '93000085', '1234', 'Platform Manager', 'Active'),
('Platform Manager 86', 'pm86', 'pm86@gmail.com', '93000086', '1234', 'Platform Manager', 'Active'),
('Platform Manager 87', 'pm87', 'pm87@gmail.com', '93000087', '1234', 'Platform Manager', 'Active'),
('Platform Manager 88', 'pm88', 'pm88@gmail.com', '93000088', '1234', 'Platform Manager', 'Active'),
('Platform Manager 89', 'pm89', 'pm89@gmail.com', '93000089', '1234', 'Platform Manager', 'Active'),
('Platform Manager 90', 'pm90', 'pm90@gmail.com', '93000090', '1234', 'Platform Manager', 'Active'),
('Platform Manager 91', 'pm91', 'pm91@gmail.com', '93000091', '1234', 'Platform Manager', 'Active'),
('Platform Manager 92', 'pm92', 'pm92@gmail.com', '93000092', '1234', 'Platform Manager', 'Active'),
('Platform Manager 93', 'pm93', 'pm93@gmail.com', '93000093', '1234', 'Platform Manager', 'Active'),
('Platform Manager 94', 'pm94', 'pm94@gmail.com', '93000094', '1234', 'Platform Manager', 'Active'),
('Platform Manager 95', 'pm95', 'pm95@gmail.com', '93000095', '1234', 'Platform Manager', 'Active'),
('Platform Manager 96', 'pm96', 'pm96@gmail.com', '93000096', '1234', 'Platform Manager', 'Active'),
('Platform Manager 97', 'pm97', 'pm97@gmail.com', '93000097', '1234', 'Platform Manager', 'Active'),
('Platform Manager 98', 'pm98', 'pm98@gmail.com', '93000098', '1234', 'Platform Manager', 'Active'),
('Platform Manager 99', 'pm99', 'pm99@gmail.com', '93000099', '1234', 'Platform Manager', 'Active');

-- FRA CATEGORIES
INSERT INTO fra_categories (name, description) VALUES
('Medical', 'Medical support and healthcare funding.'),
('Education', 'Educational assistance and school funding.'),
('Social', 'Social welfare and community support.'),
('Disaster Relief', 'Emergency disaster aid and recovery.'),
('Animal Welfare', 'Animal rescue and welfare projects.'),
('Community', 'Community development initiatives.'),
('Others', 'Miscellaneous fundraising activities.'),
('Healthcare', 'Healthcare support projects.'),
('Mental Health', 'Mental health awareness and support.'),
('Children', 'Support for children and youth.'),
('Disability Aid', 'Aid for disabled individuals.'),
('Homeless Support', 'Support for homeless individuals.'),
('Arts & Culture', 'Arts and cultural activities.'),
('Sports', 'Sports and athletic support.'),
('Environment', 'Environmental sustainability projects.'),
('Orphan Support', 'Support for orphanages and children.'),
('Women Support', 'Women empowerment initiatives.'),
('Senior Care', 'Support for elderly care services.'),
('Emergency Aid', 'Emergency assistance projects.'),
('Technology', 'Technology and innovation support.');

-- FRA
INSERT INTO fundraising_activity
(campaign_title, category, description, end_date, goal_amount, donee_name, phone, fundraiser_name)
VALUES
('Campaign 1', 'Medical', 'Description for campaign 1', '2026-12-31', '5444', 'Donee 1', '95000001', 'fundraiser69'),
('Campaign 2', 'Animal Welfare', 'Description for campaign 2', '2026-12-31', '1102', 'Donee 2', '95000002', 'fundraiser83'),
('Campaign 3', 'Environment', 'Description for campaign 3', '2026-12-31', '4582', 'Donee 3', '95000003', 'fundraiser83'),
('Campaign 4', 'Technology', 'Description for campaign 4', '2026-12-31', '9426', 'Donee 4', '95000004', 'fundraiser3'),
('Campaign 5', 'Social', 'Description for campaign 5', '2026-12-31', '9912', 'Donee 5', '95000005', 'fundraiser65'),
('Campaign 6', 'Emergency Aid', 'Description for campaign 6', '2026-12-31', '6162', 'Donee 6', '95000006', 'fundraiser97'),
('Campaign 7', 'Emergency Aid', 'Description for campaign 7', '2026-12-31', '2417', 'Donee 7', '95000007', 'fundraiser30'),
('Campaign 8', 'Children', 'Description for campaign 8', '2026-12-31', '2387', 'Donee 8', '95000008', 'fundraiser13'),
('Campaign 9', 'Disability Aid', 'Description for campaign 9', '2026-12-31', '6931', 'Donee 9', '95000009', 'fundraiser94'),
('Campaign 10', 'Disability Aid', 'Description for campaign 10', '2026-12-31', '7671', 'Donee 10', '95000010', 'fundraiser44'),
('Campaign 11', 'Technology', 'Description for campaign 11', '2026-12-31', '8231', 'Donee 11', '95000011', 'fundraiser86'),
('Campaign 12', 'Healthcare', 'Description for campaign 12', '2026-12-31', '7890', 'Donee 12', '95000012', 'fundraiser15'),
('Campaign 13', 'Environment', 'Description for campaign 13', '2026-12-31', '3491', 'Donee 13', '95000013', 'fundraiser46'),
('Campaign 14', 'Social', 'Description for campaign 14', '2026-12-31', '1239', 'Donee 14', '95000014', 'fundraiser64'),
('Campaign 15', 'Orphan Support', 'Description for campaign 15', '2026-12-31', '3985', 'Donee 15', '95000015', 'fundraiser82'),
('Campaign 16', 'Others', 'Description for campaign 16', '2026-12-31', '4426', 'Donee 16', '95000016', 'fundraiser33'),
('Campaign 17', 'Healthcare', 'Description for campaign 17', '2026-12-31', '2452', 'Donee 17', '95000017', 'fundraiser34'),
('Campaign 18', 'Senior Care', 'Description for campaign 18', '2026-12-31', '6059', 'Donee 18', '95000018', 'fundraiser66'),
('Campaign 19', 'Women Support', 'Description for campaign 19', '2026-12-31', '9983', 'Donee 19', '95000019', 'fundraiser89'),
('Campaign 20', 'Emergency Aid', 'Description for campaign 20', '2026-12-31', '5810', 'Donee 20', '95000020', 'fundraiser9'),
('Campaign 21', 'Emergency Aid', 'Description for campaign 21', '2026-12-31', '2352', 'Donee 21', '95000021', 'fundraiser43'),
('Campaign 22', 'Children', 'Description for campaign 22', '2026-12-31', '7259', 'Donee 22', '95000022', 'fundraiser30'),
('Campaign 23', 'Community', 'Description for campaign 23', '2026-12-31', '3755', 'Donee 23', '95000023', 'fundraiser37'),
('Campaign 24', 'Sports', 'Description for campaign 24', '2026-12-31', '3551', 'Donee 24', '95000024', 'fundraiser18'),
('Campaign 25', 'Social', 'Description for campaign 25', '2026-12-31', '7227', 'Donee 25', '95000025', 'fundraiser40'),
('Campaign 26', 'Sports', 'Description for campaign 26', '2026-12-31', '6297', 'Donee 26', '95000026', 'fundraiser91'),
('Campaign 27', 'Community', 'Description for campaign 27', '2026-12-31', '1603', 'Donee 27', '95000027', 'fundraiser29'),
('Campaign 28', 'Orphan Support', 'Description for campaign 28', '2026-12-31', '1401', 'Donee 28', '95000028', 'fundraiser28'),
('Campaign 29', 'Senior Care', 'Description for campaign 29', '2026-12-31', '3129', 'Donee 29', '95000029', 'fundraiser72'),
('Campaign 30', 'Homeless Support', 'Description for campaign 30', '2026-12-31', '9359', 'Donee 30', '95000030', 'fundraiser78'),
('Campaign 31', 'Senior Care', 'Description for campaign 31', '2026-12-31', '3448', 'Donee 31', '95000031', 'fundraiser33'),
('Campaign 32', 'Emergency Aid', 'Description for campaign 32', '2026-12-31', '8657', 'Donee 32', '95000032', 'fundraiser6'),
('Campaign 33', 'Environment', 'Description for campaign 33', '2026-12-31', '2207', 'Donee 33', '95000033', 'fundraiser38'),
('Campaign 34', 'Mental Health', 'Description for campaign 34', '2026-12-31', '6233', 'Donee 34', '95000034', 'fundraiser77'),
('Campaign 35', 'Sports', 'Description for campaign 35', '2026-12-31', '1903', 'Donee 35', '95000035', 'fundraiser62'),
('Campaign 36', 'Orphan Support', 'Description for campaign 36', '2026-12-31', '7053', 'Donee 36', '95000036', 'fundraiser37'),
('Campaign 37', 'Social', 'Description for campaign 37', '2026-12-31', '1782', 'Donee 37', '95000037', 'fundraiser74'),
('Campaign 38', 'Women Support', 'Description for campaign 38', '2026-12-31', '9490', 'Donee 38', '95000038', 'fundraiser4'),
('Campaign 39', 'Mental Health', 'Description for campaign 39', '2026-12-31', '6591', 'Donee 39', '95000039', 'fundraiser73'),
('Campaign 40', 'Mental Health', 'Description for campaign 40', '2026-12-31', '8009', 'Donee 40', '95000040', 'fundraiser99'),
('Campaign 41', 'Homeless Support', 'Description for campaign 41', '2026-12-31', '5987', 'Donee 41', '95000041', 'fundraiser10'),
('Campaign 42', 'Disaster Relief', 'Description for campaign 42', '2026-12-31', '1975', 'Donee 42', '95000042', 'fundraiser48'),
('Campaign 43', 'Disaster Relief', 'Description for campaign 43', '2026-12-31', '2549', 'Donee 43', '95000043', 'fundraiser6'),
('Campaign 44', 'Others', 'Description for campaign 44', '2026-12-31', '3016', 'Donee 44', '95000044', 'fundraiser42'),
('Campaign 45', 'Senior Care', 'Description for campaign 45', '2026-12-31', '1602', 'Donee 45', '95000045', 'fundraiser94'),
('Campaign 46', 'Senior Care', 'Description for campaign 46', '2026-12-31', '5476', 'Donee 46', '95000046', 'fundraiser32'),
('Campaign 47', 'Mental Health', 'Description for campaign 47', '2026-12-31', '2741', 'Donee 47', '95000047', 'fundraiser43'),
('Campaign 48', 'Environment', 'Description for campaign 48', '2026-12-31', '1502', 'Donee 48', '95000048', 'fundraiser16'),
('Campaign 49', 'Arts & Culture', 'Description for campaign 49', '2026-12-31', '7733', 'Donee 49', '95000049', 'fundraiser56'),
('Campaign 50', 'Emergency Aid', 'Description for campaign 50', '2026-12-31', '5024', 'Donee 50', '95000050', 'fundraiser27'),
('Campaign 51', 'Environment', 'Description for campaign 51', '2026-12-31', '3052', 'Donee 51', '95000051', 'fundraiser68'),
('Campaign 52', 'Medical', 'Description for campaign 52', '2026-12-31', '7345', 'Donee 52', '95000052', 'fundraiser41'),
('Campaign 53', 'Sports', 'Description for campaign 53', '2026-12-31', '9509', 'Donee 53', '95000053', 'fundraiser75'),
('Campaign 54', 'Technology', 'Description for campaign 54', '2026-12-31', '1956', 'Donee 54', '95000054', 'fundraiser64'),
('Campaign 55', 'Animal Welfare', 'Description for campaign 55', '2026-12-31', '8656', 'Donee 55', '95000055', 'fundraiser35'),
('Campaign 56', 'Women Support', 'Description for campaign 56', '2026-12-31', '9226', 'Donee 56', '95000056', 'fundraiser64'),
('Campaign 57', 'Arts & Culture', 'Description for campaign 57', '2026-12-31', '6540', 'Donee 57', '95000057', 'fundraiser82'),
('Campaign 58', 'Women Support', 'Description for campaign 58', '2026-12-31', '1510', 'Donee 58', '95000058', 'fundraiser52'),
('Campaign 59', 'Community', 'Description for campaign 59', '2026-12-31', '7770', 'Donee 59', '95000059', 'fundraiser12'),
('Campaign 60', 'Medical', 'Description for campaign 60', '2026-12-31', '3886', 'Donee 60', '95000060', 'fundraiser42'),
('Campaign 61', 'Arts & Culture', 'Description for campaign 61', '2026-12-31', '2008', 'Donee 61', '95000061', 'fundraiser39'),
('Campaign 62', 'Animal Welfare', 'Description for campaign 62', '2026-12-31', '2284', 'Donee 62', '95000062', 'fundraiser31'),
('Campaign 63', 'Homeless Support', 'Description for campaign 63', '2026-12-31', '4658', 'Donee 63', '95000063', 'fundraiser68'),
('Campaign 64', 'Arts & Culture', 'Description for campaign 64', '2026-12-31', '4788', 'Donee 64', '95000064', 'fundraiser83'),
('Campaign 65', 'Women Support', 'Description for campaign 65', '2026-12-31', '3010', 'Donee 65', '95000065', 'fundraiser36'),
('Campaign 66', 'Emergency Aid', 'Description for campaign 66', '2026-12-31', '1451', 'Donee 66', '95000066', 'fundraiser20'),
('Campaign 67', 'Disaster Relief', 'Description for campaign 67', '2026-12-31', '5777', 'Donee 67', '95000067', 'fundraiser20'),
('Campaign 68', 'Disability Aid', 'Description for campaign 68', '2026-12-31', '9774', 'Donee 68', '95000068', 'fundraiser74'),
('Campaign 69', 'Community', 'Description for campaign 69', '2026-12-31', '1035', 'Donee 69', '95000069', 'fundraiser12'),
('Campaign 70', 'Environment', 'Description for campaign 70', '2026-12-31', '3548', 'Donee 70', '95000070', 'fundraiser73'),
('Campaign 71', 'Sports', 'Description for campaign 71', '2026-12-31', '4212', 'Donee 71', '95000071', 'fundraiser80'),
('Campaign 72', 'Education', 'Description for campaign 72', '2026-12-31', '3762', 'Donee 72', '95000072', 'fundraiser10'),
('Campaign 73', 'Sports', 'Description for campaign 73', '2026-12-31', '6001', 'Donee 73', '95000073', 'fundraiser9'),
('Campaign 74', 'Technology', 'Description for campaign 74', '2026-12-31', '5491', 'Donee 74', '95000074', 'fundraiser64'),
('Campaign 75', 'Women Support', 'Description for campaign 75', '2026-12-31', '6542', 'Donee 75', '95000075', 'fundraiser39'),
('Campaign 76', 'Disability Aid', 'Description for campaign 76', '2026-12-31', '6922', 'Donee 76', '95000076', 'fundraiser12'),
('Campaign 77', 'Disaster Relief', 'Description for campaign 77', '2026-12-31', '9916', 'Donee 77', '95000077', 'fundraiser90'),
('Campaign 78', 'Disaster Relief', 'Description for campaign 78', '2026-12-31', '9769', 'Donee 78', '95000078', 'fundraiser64'),
('Campaign 79', 'Community', 'Description for campaign 79', '2026-12-31', '4998', 'Donee 79', '95000079', 'fundraiser88'),
('Campaign 80', 'Healthcare', 'Description for campaign 80', '2026-12-31', '4334', 'Donee 80', '95000080', 'fundraiser36'),
('Campaign 81', 'Orphan Support', 'Description for campaign 81', '2026-12-31', '2462', 'Donee 81', '95000081', 'fundraiser15'),
('Campaign 82', 'Emergency Aid', 'Description for campaign 82', '2026-12-31', '3976', 'Donee 82', '95000082', 'fundraiser82'),
('Campaign 83', 'Emergency Aid', 'Description for campaign 83', '2026-12-31', '7663', 'Donee 83', '95000083', 'fundraiser27'),
('Campaign 84', 'Disability Aid', 'Description for campaign 84', '2026-12-31', '5211', 'Donee 84', '95000084', 'fundraiser45'),
('Campaign 85', 'Women Support', 'Description for campaign 85', '2026-12-31', '6235', 'Donee 85', '95000085', 'fundraiser84'),
('Campaign 86', 'Animal Welfare', 'Description for campaign 86', '2026-12-31', '5937', 'Donee 86', '95000086', 'fundraiser79'),
('Campaign 87', 'Arts & Culture', 'Description for campaign 87', '2026-12-31', '3675', 'Donee 87', '95000087', 'fundraiser83'),
('Campaign 88', 'Animal Welfare', 'Description for campaign 88', '2026-12-31', '1416', 'Donee 88', '95000088', 'fundraiser25'),
('Campaign 89', 'Medical', 'Description for campaign 89', '2026-12-31', '6495', 'Donee 89', '95000089', 'fundraiser5'),
('Campaign 90', 'Community', 'Description for campaign 90', '2026-12-31', '7879', 'Donee 90', '95000090', 'fundraiser14'),
('Campaign 91', 'Disaster Relief', 'Description for campaign 91', '2026-12-31', '4209', 'Donee 91', '95000091', 'fundraiser90'),
('Campaign 92', 'Technology', 'Description for campaign 92', '2026-12-31', '5881', 'Donee 92', '95000092', 'fundraiser49'),
('Campaign 93', 'Orphan Support', 'Description for campaign 93', '2026-12-31', '7697', 'Donee 93', '95000093', 'fundraiser8'),
('Campaign 94', 'Community', 'Description for campaign 94', '2026-12-31', '8014', 'Donee 94', '95000094', 'fundraiser32'),
('Campaign 95', 'Children', 'Description for campaign 95', '2026-12-31', '4125', 'Donee 95', '95000095', 'fundraiser28'),
('Campaign 96', 'Disability Aid', 'Description for campaign 96', '2026-12-31', '2118', 'Donee 96', '95000096', 'fundraiser90'),
('Campaign 97', 'Emergency Aid', 'Description for campaign 97', '2026-12-31', '9709', 'Donee 97', '95000097', 'fundraiser89'),
('Campaign 98', 'Arts & Culture', 'Description for campaign 98', '2026-12-31', '7415', 'Donee 98', '95000098', 'fundraiser22'),
('Campaign 99', 'Community', 'Description for campaign 99', '2026-12-31', '2329', 'Donee 99', '95000099', 'fundraiser80'),
('Campaign 100', 'Sports', 'Description for campaign 100', '2026-12-31', '4301', 'Donee 100', '95000100', 'fundraiser33');

-- FAVOURITE FUNDRAISING ACTIVITIES
INSERT INTO favourite_fundraising_activity
(username, activity_id)
VALUES
('donee11', '85'),
('donee38', '74'),
('donee77', '20'),
('donee24', '95'),
('donee7', '60'),
('donee22', '45'),
('donee7', '9'),
('donee4', '70'),
('donee79', '16'),
('donee55', '65'),
('donee24', '5'),
('donee82', '72'),
('donee43', '96'),
('donee56', '79'),
('donee78', '6'),
('donee96', '14'),
('donee39', '4'),
('donee61', '99'),
('donee5', '80'),
('donee88', '29'),
('donee74', '48'),
('donee72', '38'),
('donee41', '81'),
('donee84', '22'),
('donee85', '86'),
('donee88', '4'),
('donee43', '81'),
('donee64', '3'),
('donee31', '32'),
('donee53', '81'),
('donee67', '35'),
('donee10', '79'),
('donee41', '36'),
('donee38', '73'),
('donee50', '25'),
('donee24', '41'),
('donee76', '27'),
('donee75', '97'),
('donee93', '69'),
('donee9', '32'),
('donee38', '92'),
('donee70', '68'),
('donee43', '48'),
('donee5', '30'),
('donee10', '96'),
('donee59', '36'),
('donee10', '12'),
('donee62', '25'),
('donee34', '14'),
('donee5', '90'),
('donee58', '36'),
('donee92', '84'),
('donee1', '97'),
('donee72', '11'),
('donee53', '51'),
('donee35', '29'),
('donee45', '22'),
('donee57', '89'),
('donee34', '92'),
('donee63', '70'),
('donee48', '54'),
('donee56', '96'),
('donee28', '63'),
('donee97', '8'),
('donee34', '69'),
('donee40', '7'),
('donee78', '67'),
('donee39', '72'),
('donee65', '82'),
('donee51', '23'),
('donee6', '30'),
('donee15', '33'),
('donee33', '85'),
('donee65', '7'),
('donee54', '76'),
('donee17', '95'),
('donee54', '74'),
('donee89', '34'),
('donee32', '3'),
('donee98', '40'),
('donee83', '61'),
('donee28', '32'),
('donee33', '43'),
('donee48', '34'),
('donee35', '24'),
('donee66', '70'),
('donee29', '27'),
('donee56', '56'),
('donee56', '65'),
('donee80', '51'),
('donee57', '83'),
('donee18', '54'),
('donee17', '99'),
('donee46', '85'),
('donee80', '13'),
('donee4', '54'),
('donee30', '59'),
('donee2', '82'),
('donee96', '17'),
('donee41', '49');

-- DONATIONS
INSERT INTO donation
(fra_id, donee_name, amount)
VALUES
('36', 'donee94', '233'),
('43', 'donee17', '84'),
('89', 'donee64', '359'),
('37', 'donee85', '331'),
('12', 'donee64', '27'),
('63', 'donee3', '71'),
('53', 'donee49', '78'),
('66', 'donee53', '57'),
('100', 'donee51', '417'),
('65', 'donee92', '216'),
('56', 'donee98', '279'),
('20', 'donee63', '34'),
('56', 'donee85', '425'),
('7', 'donee4', '71'),
('11', 'donee46', '178'),
('52', 'donee67', '468'),
('96', 'donee99', '406'),
('14', 'donee21', '136'),
('75', 'donee49', '107'),
('87', 'donee72', '138'),
('8', 'donee70', '41'),
('42', 'donee97', '212'),
('72', 'donee30', '203'),
('73', 'donee83', '318'),
('4', 'donee8', '24'),
('78', 'donee62', '406'),
('9', 'donee36', '173'),
('84', 'donee34', '10'),
('87', 'donee72', '227'),
('71', 'donee13', '14'),
('66', 'donee37', '426'),
('87', 'donee27', '349'),
('33', 'donee30', '78'),
('26', 'donee32', '325'),
('91', 'donee4', '113'),
('37', 'donee13', '353'),
('70', 'donee42', '10'),
('49', 'donee48', '345'),
('50', 'donee1', '109'),
('99', 'donee57', '322'),
('97', 'donee53', '173'),
('35', 'donee50', '462'),
('16', 'donee21', '381'),
('88', 'donee2', '151'),
('76', 'donee74', '307'),
('48', 'donee6', '431'),
('59', 'donee22', '129'),
('74', 'donee8', '491'),
('40', 'donee10', '380'),
('7', 'donee68', '385'),
('69', 'donee70', '408'),
('20', 'donee8', '269'),
('3', 'donee15', '195'),
('83', 'donee23', '258'),
('25', 'donee2', '409'),
('17', 'donee58', '70'),
('61', 'donee30', '392'),
('31', 'donee92', '413'),
('34', 'donee58', '275'),
('58', 'donee67', '112'),
('10', 'donee71', '235'),
('31', 'donee64', '158'),
('13', 'donee49', '88'),
('65', 'donee13', '58'),
('99', 'donee12', '100'),
('50', 'donee75', '242'),
('21', 'donee10', '163'),
('25', 'donee24', '190'),
('66', 'donee45', '66'),
('97', 'donee85', '380'),
('29', 'donee59', '444'),
('95', 'donee29', '113'),
('53', 'donee57', '487'),
('46', 'donee37', '479'),
('11', 'donee66', '258'),
('3', 'donee34', '23'),
('29', 'donee88', '24'),
('73', 'donee15', '460'),
('40', 'donee18', '81'),
('7', 'donee82', '319'),
('16', 'donee61', '378'),
('17', 'donee82', '358'),
('21', 'donee19', '103'),
('91', 'donee49', '247'),
('65', 'donee80', '316'),
('72', 'donee20', '214'),
('70', 'donee13', '349'),
('62', 'donee52', '347'),
('78', 'donee78', '60'),
('16', 'donee21', '366'),
('92', 'donee69', '277'),
('36', 'donee48', '461'),
('48', 'donee34', '250'),
('42', 'donee89', '428'),
('34', 'donee33', '251'),
('9', 'donee77', '400'),
('91', 'donee59', '469'),
('92', 'donee12', '135'),
('12', 'donee65', '100'),
('47', 'donee80', '205'),
('71', 'donee93', '122'),
('90', 'donee38', '479'),
('66', 'donee20', '47'),
('86', 'donee10', '364'),
('38', 'donee47', '465'),
('65', 'donee89', '475'),
('1', 'donee76', '448'),
('87', 'donee36', '294'),
('28', 'donee32', '59'),
('34', 'donee95', '405'),
('58', 'donee57', '229'),
('76', 'donee22', '401'),
('88', 'donee76', '49'),
('25', 'donee96', '121'),
('16', 'donee25', '464'),
('79', 'donee85', '279'),
('32', 'donee47', '268'),
('30', 'donee6', '249'),
('74', 'donee28', '40'),
('18', 'donee78', '250'),
('98', 'donee11', '220'),
('52', 'donee24', '125'),
('79', 'donee36', '266'),
('29', 'donee50', '222'),
('77', 'donee97', '268'),
('17', 'donee65', '182'),
('80', 'donee17', '478'),
('82', 'donee5', '290'),
('51', 'donee98', '56'),
('55', 'donee41', '217'),
('5', 'donee26', '326'),
('58', 'donee78', '219'),
('43', 'donee41', '472'),
('86', 'donee13', '290'),
('78', 'donee4', '250'),
('55', 'donee44', '254'),
('94', 'donee55', '16'),
('16', 'donee70', '374'),
('10', 'donee43', '351'),
('86', 'donee70', '395'),
('87', 'donee26', '265'),
('55', 'donee66', '95'),
('67', 'donee87', '468'),
('92', 'donee68', '93'),
('89', 'donee50', '149'),
('19', 'donee89', '447'),
('42', 'donee69', '213'),
('23', 'donee59', '363'),
('40', 'donee62', '227'),
('30', 'donee56', '259');

-- COMPLETED FRA
INSERT INTO completed_fra
(fra_id)
VALUES
('1'),
('2'),
('3'),
('4'),
('5'),
('6'),
('7'),
('8'),
('9'),
('10'),
('11'),
('12'),
('13'),
('14'),
('15'),
('16'),
('17'),
('18'),
('19'),
('20'),
('21'),
('22'),
('23'),
('24'),
('25'),
('26'),
('27'),
('28'),
('29'),
('30'),
('31'),
('32'),
('33'),
('34'),
('35'),
('36'),
('37'),
('38'),
('39'),
('40'),
('41'),
('42'),
('43'),
('44'),
('45'),
('46'),
('47'),
('48'),
('49'),
('50');

